BrowseProduct,Param1,Param2,Param3
BIO,BD1200,BD670,D700
CR2,MIN2295_2480,MIN2345_2537,BDCARB
FAL,R2529,R1506,R1080
FM2,BD530_2,BD920_2,BDI1000VIS
FM3,BD670,BD875,BD905
HEM,BD530_2,BD670,BD875
HYD,SINDEX2,BD2100_2,BD1900_2
HYD2,BD1200,BD1450,BD1900r2
HYD3,BA1200,BA1450,BA1900
HYS,MIN2250,BD2250,BD1900r2
MAF,OLINDEX3,LCPINDEX2,HCPINDEX2
PAL,BD2210_2,BD2190,BD2165
PFM,BD2355,D2300,BD2290
PHY,D2200,D2300,BD1900r2
PLG,BD1300,RPEAK1,LCPINDEX2
SED,BDCARB,BD2100_3,GINDEX
SUL,GINDEX,SINDEX2,BD2265
TRU,R637,R550,R463
